"Nombre","Telefono","Dirección","Latitud","Longitud","Pagina Web","Correo Electronico","Descripcion","Actividad","Sub actividad"
"FEGAMP - Federación Galega de Municipios e Provincias","981555999","Varsovia, 4 -C  6ª Pta. (Edif. Area Central) - FONTIÑAS - 15707","42.8835980164271","-8.527911901474","http://www.fegamp.gal","correo@fegamp.gal","É un organismo constituído polos 314 Concellos, as 4 Deputacións Provinciais e as 9 Entidades Locais menores que existen na comunidade autónoma de Galicia.","Administración Santiago de Compostela ","Administración Santiago de Compostela"
"Valedor do Pobo","981569740","Hórreo, 65 - 15702","42.8721821741356","-8.54465961456299","http://www.valedordopobo.gal","valedor@valedordopobo.gal","Es el defensor del pueblo de Galicia. Alto comisionado del parlamento de Galicia al servicio del ciudadano, para garantizar sus derechos constitucionales...","Administración Santiago de Compostela ","Administración Santiago de Compostela"
" Ayuntamiento - Concello Santiago de Compostela","981542300","Pza. do Obradoiro, s/n (Pazo de Raxoi) - 15705","42.8803826106062","-8.54608118534088","http://www.santiagodecompostela.gal","","Gobierno y servicios municipales de tu ciudad. Alcaldia y concejalias del ayuntamiento de Santiago de compostela.","Administración Santiago de Compostela ","Ayuntamientos, concellos Santiago de Compostela"
"Alcaldía","981542357","Pza. do Obradoiro, s/n (Pazo de Raxoi) - 15705","42.8803767142314","-8.54607850313187","http://www.santiagodecompostela.gal","alcaldia@santiagodecompostela.gal","","Administración Santiago de Compostela ","Ayuntamientos, concellos Santiago de Compostela"
"Brigada Municipal de Vías e Obras","981528723","Vía Pasteur, 14 - Polígono do Tambre - 15890","42.9114604664259","-8.51956486701965","http://www.santiagodecompostela.gal","","","Administración Santiago de Compostela ","Ayuntamientos, concellos Santiago de Compostela"
"Concellería de Tráfico","981542321","Costa do Cristo, (Baixos Pazo de Raxoi) - 15705","42.880763908318","-8.54633331298828","http://www.santiagodecompostela.gal","","","Administración Santiago de Compostela ","Ayuntamientos, concellos Santiago de Compostela"
"Consorcio da Cidade de Santiago de Compostela","981574700","Rúa do Vilar, 59 - 15705","42.8780439655327","-8.54490408465574","http://www.consorcio-santiago.org","gerencia@consorciodesantiago.org","El Consorcio de la ciudad de Santiago de Compostela es el órgano ejecutor del Real Patronato de Santiago, con personalidad jurídica propia y patrimonio propio.","Administración Santiago de Compostela ","Ayuntamientos, concellos Santiago de Compostela"
"Contratación","981543033","Salvador Allende, 6-8 Baixo - 15705","42.8818802715746","-8.54943931102753","http://www.santiagodecompostela.gal","contratacion@santiagodecompostela.gal ","","Administración Santiago de Compostela ","Ayuntamientos, concellos Santiago de Compostela"
"Cultura","981552290","Avda. do Burgo das Nacións, (Auditorio de Galicia) - 15705","42.8895331053227","-8.54447722434998","http://www.compostelacapitalcultural.com","info@auditoriodegalicia.org","","Administración Santiago de Compostela ","Ayuntamientos, concellos Santiago de Compostela"
"Cultura e Festas","981542347","Rúa Nova, 21 (Teatro Principal) - 15705","42.878823","-8.54353900000001","http://www.compostelacapitalcultural.com","","","Administración Santiago de Compostela ","Ayuntamientos, concellos Santiago de Compostela"
"Departamento de Lingua Galega","981542409","Pza. do Obradoiro, s/n (Pazo de Raxoi)  Baixo - 15705","42.8801624788956","-8.54605436325073","http://www.santiagodecompostela.gal","dlg@santiagodecompostela.gal","Gestión de la oferta de servicios lingüísticos.","Administración Santiago de Compostela ","Ayuntamientos, concellos Santiago de Compostela"
"Deportes","981528730","Avda. de Fernando de Casas Novoa, 20 (Est. Mult. S. Lázaro, Porta 1) - San Lazaro - 15705","42.8829258610936","-8.5151070356369","http://www.santiagodecompostela.gal","deportes@santiagodecompostela.gal","","Administración Santiago de Compostela ","Ayuntamientos, concellos Santiago de Compostela"
"Depósito Municipal de Vehículos","981577754","Amio, s/n - 15704","42.9053014542224","-8.51408207235261","http://www.santiagodecompostela.org","","Depósito de vehículos. Grúa municipal. ","Administración Santiago de Compostela ","Ayuntamientos, concellos Santiago de Compostela"
"Educación","981554400","Alcalde Raimundo López Pol, s/n  2º Pl. - 15707","42.8852135177142","-8.51695507764816","http://www.santiagodecompostela.org","","","Administración Santiago de Compostela ","Ayuntamientos, concellos Santiago de Compostela"
"Emprego","981543060","Alcalde Raimundo López Pol, s/n - 15707","42.8852135177142","-8.51695507764816","http://www.axencialocaldecolocacion.org","","El objetivo es ayudar al demandante a encontrar un puesto de trabajo adecuado. ","Administración Santiago de Compostela ","Ayuntamientos, concellos Santiago de Compostela"
"Fundación Refuxio de Animais de Santiago","981575957","Lg. Zarramacedo s/n - BANDO - 15890","42.8783463623157","-8.46790015697479","http://www.refuxio.org","refuxio@refuxio.org","É o refuxio máis avanzado do país, conta con 7.000 metros cadrados dentro dunha parcela de 15.000 e divídese en catro grandes módulos.","Administración Santiago de Compostela ","Ayuntamientos, concellos Santiago de Compostela"
"Grúa Municipal","981577754","Amio, s/n - Polígono Costa Vella - 15704","42.9054107706093","-8.51390736799237","http://www.santiagodecompostela.org","","Depósito de vehículos. Grúa municipal. ","Administración Santiago de Compostela ","Ayuntamientos, concellos Santiago de Compostela"
"Inspección Tributaria Municipal","981543094","Salvador Allende, 4 - 15705","42.8819077873152","-8.54945540428162","http://www.santiagodecompostela.org","","","Administración Santiago de Compostela ","Ayuntamientos, concellos Santiago de Compostela"
"Intervención, Fiscalización, Orzamentos e Contabilidade","981542319","Galeras, 5 - 15705","42.8817367964422","-8.54921936988831","http://www.santiagodecompostela.gal","consultafacturas@santiagodecompostela.gal","","Administración Santiago de Compostela ","Ayuntamientos, concellos Santiago de Compostela"
"Muller","981542465","Galeras, 46 (Entrada por Isaac Díaz Pardo, 2-4) - 15707","42.8841581402777","-8.54811698198318","http://www.santiagodecompostela.org","","","Administración Santiago de Compostela ","Ayuntamientos, concellos Santiago de Compostela"
"Oficina de Atención ó Cidadán","981543128","Salvador Allende, 4 Bajo - 15705","42.8819077873152","-8.54945540428162","http://www.santiagodecompostela.gal","informacion@santiagodecompostela.gal","","Administración Santiago de Compostela ","Ayuntamientos, concellos Santiago de Compostela"
"Oficina Municipal de Atención ó Contribuínte","981542384","Salvador Allende, 4 - 15705","42.8818920640364","-8.54946613311768","http://www.santiagodecompostela.gal","atencionocontribuinte@santiagodecompostela.org","","Administración Santiago de Compostela ","Ayuntamientos, concellos Santiago de Compostela"
"OMIC - Oficina Municipal de Información ó Consumidor","981542314","Salvador Allende, 6-8 Baixo - 15705","42.881785931799","-8.54982018470764","http://www.santiagodecompostela.gal","","","Administración Santiago de Compostela ","Ayuntamientos, concellos Santiago de Compostela"
"Padrón Municipal de Habitantes","981542318","Pza. do Obradoiro, 1 s/n (Pazo de Raxoi, Stno.) - 15705","42.8804405915958","-8.54617640376091","http://www.santiagodecompostela.gal","padronmh@santiagodecompostela.gal","Registro administrativo con datos de los vecinos, certificados de empadronamiento, altas y bajas en el padrón...","Administración Santiago de Compostela ","Ayuntamientos, concellos Santiago de Compostela"
"Parques e Xardíns","981542451","Pza. de Camilo Díaz Baliño, s/n  (Estación Autobuses) - 15704","42.8876229337317","-8.53372424840927","http://www.santiagodecompostela.gal","","","Administración Santiago de Compostela ","Ayuntamientos, concellos Santiago de Compostela"
"Participación Cidadá - Casa das Asociacións","981542350","Manuel Beiras, 3 (Cornes) - CONXO - 15706","42.8697446339443","-8.55237364768982","http://www.santiagodecompostela.org","","","Administración Santiago de Compostela ","Ayuntamientos, concellos Santiago de Compostela"
"Patrimonio e Expropiacións","981542425","Pza. do Obradoiro, s/n  (Pazo de Raxoi - 2ª Plta.) - 15705","42.8802764757723","-8.54612410068512","http://www.santiagodecompostela.gal","","","Administración Santiago de Compostela ","Ayuntamientos, concellos Santiago de Compostela"
"Cámara de Comercio","981596800","San Pedro de Mezonzo, 44 Bajo - 15701","42.87098","-8.54705164418033","http://www.camaracompostela.com","informacion@camaracompostela.com","Cámara oficial de comercio industria y navegación. Asesoramiento laboral, fiscal, jurídico, empresarial, formación comercio exterior, servicio de empresas, etc.","Administración Santiago de Compostela ","Cámaras y registros Santiago de Compostela"
"Cámara de Comercio - Centro de Formación","981596800","San Pedro de Mezonzo, 37 Bajo - 15701","42.8712223","-8.5470709","http://www.camaracompostela.com","formacion@camaracompostela.com","Impartición de cursos de la Cámara de Comercio. Actividades formativo-productivas propias para un  perfil profesional concreto.","Administración Santiago de Compostela ","Cámaras y registros Santiago de Compostela"
"Cámara de Comercio - Vivero de Empresas","981551700","República Checa, 40 - Polígono Costa Vella - 15707","42.9051657826331","-8.50706473928676","http://www.camaracompostela.com","vivero@camaracompostela.com","Corporación de Derecho Público, sus fines son representación, promoción y defensa de los intereses generales del comercio, la industria, servicios y navegación","Administración Santiago de Compostela ","Cámaras y registros Santiago de Compostela"
"Consello Galego de Cámaras","981596800","San Pedro de Mezonzo, 44 Bajo - 15702","42.87098","-8.54705164418033","http://www.camaras-galicia.com","administracion@camaras-galicia.com","O Consello Galego, é unha corporación de dereito público creada como organismo de representación, relación e coordinación das nove cámaras galegas.","Administración Santiago de Compostela ","Cámaras y registros Santiago de Compostela"
"Oficina Agraria Comarcal - Servicios Agrarios","981546672","Fonte dos Concheiros, 9 Baixo - 15703","42.8852685462101","-8.5323429107666","http://mediorural.xunta.gal","oac.seca.santiago@xunta.es","Oficina Comarcal de Servicios Agrarios en Santiago de Compostela. Comprende las zonas de Boqueixón, Santiago, Teo, Val do Dubra y Vedra.","Administración Santiago de Compostela ","Cámaras y registros Santiago de Compostela"
"Oficina Agraria Comarcal - Servicios Veterinarios","981546655","Fonte dos Concheiros, 9 Baixo - 15703","42.8852685462101","-8.5323429107666","http://mediorural.xunta.gal","oac.svo.santiago@xunta.es","Oficina Comarcal de Servicios Veterinarios en Santiago de Compostela. Comprende las zonas de Boqueixón, Santiago, Teo, Val do Dubra y Vedra.","Administración Santiago de Compostela ","Cámaras y registros Santiago de Compostela"
"Registro de La Propiedad Nº 1","981563380","Pza. Constitución, s/n - 15705","42.8733891140466","-8.54335069656372","http://www.registradores.org","","","Administración Santiago de Compostela ","Cámaras y registros Santiago de Compostela"
"Registro de La Propiedad Nº 2","981584646","Pza. Constitución, s/n - 15702","42.8734087708531","-8.54335069656372","http://www.registradores.org","","","Administración Santiago de Compostela ","Cámaras y registros Santiago de Compostela"
"Registro Mercantil","981561693","Pza. Constitución, s/n - 15702","42.8734176164139","-8.54334801435471","http://www.registradores.org","santiagodecompostela@registromercantil.org","","Administración Santiago de Compostela ","Cámaras y registros Santiago de Compostela"
"Registro Territorial de La Propiedad Intelectual","981543979","Dr. Teixeiro, 26 Bajo - 15701","42.8742166601822","-8.54564666748047","http://www.csbg.org/rpi","","","Administración Santiago de Compostela ","Cámaras y registros Santiago de Compostela"
"Consulado de Cuba","981576143","Cuesta de Santa Isabel, 19 - 15705","42.8861087073277","-8.55141341686249","","","","Administración Santiago de Compostela ","Consulados Santiago de Compostela"
"Consulado de Uruguay","981937401","República de El Salvador, 12 3º A - 15701","42.8746019272817","-8.54656130075455","http://www.uruguaygalicia.org","contacto@uruguaygalicia.org","Asesoramiento y trámites: retorno definitivo, registro en el Consulado, legalización de documentos, expedición de pasaporte, certificados... ","Administración Santiago de Compostela ","Consulados Santiago de Compostela"
"Oficina de Recaudación","981599966","Fernando III O Santo, 9 Bajo - 15706","42.8716651877677","-8.54858100414276","","","","Administración Santiago de Compostela ","Diputación provincial Santiago de Compostela"
"Consello Galego de Relacións Laborais - Consejo Gallego de Relaciones Laborales","981541602","Algalia de Abaixo, 24 Bajo - 15781","42.8822880929028","-8.54183927178383","http://cgrl.xunta.es","info.cgrl@xunta.es","Órgano de diálogo institucional entre os axentes sociais galegos, órgano consultivo e asesor da Xunta de Galicia en materias relativas á súa política laboral.","Administración Santiago de Compostela ","Empleo Santiago de Compostela"
"FEUGA - Fundación Empresa da Universidade Galega","981534180","Avda. Lope Gómez de Marzoa, s/n (Campus Vida) - 15705","42.873556196702","-8.55879217386246","http://www.feuga.es","feuga@feuga.es","Transferencia de conocimiento, innovación y tecnología desde el sistema universitario de Galicia al mundo empresarial y la sociedad en general.","Administración Santiago de Compostela ","Empleo Santiago de Compostela"
"Servicio Público de Empleo Estatal - Prestaciones - SEPE (Antes INEM)","981554159","Ramón Piñeiro, 11-13 - 15702","42.8735955102022","-8.54281693696976","http://www.sepe.es","","Para la zona de Santiago centro y Ames.","Administración Santiago de Compostela ","Empleo Santiago de Compostela"
"Servicio Público de Empleo Estatal - Prestaciones - SEPE (Antes INEM)","981554180","Coto, 19 Bajo - 15703","42.8853392970612","-8.52898746728897","http://www.sepe.es","","Para la zona de Baña (A), Brión, Boqueixón, Negreira, Pino (O), Santiago, Touro, Trazo, Vedra, Val do Dubra, Dodro, Outes, Padrón, Rois y Santa Comba.","Administración Santiago de Compostela ","Empleo Santiago de Compostela"
"Servizo Púbico de Emprego de Galicia – Entidade Colaboradora","981566676","Neira de Mosquera, 1 A - 15702","42.8752224812902","-8.54157623313517","http://www.fademga.org","emprego.santiago@fademga.org","Fademga, centro de emprego para discapacitados intelectuales.","Administración Santiago de Compostela ","Empleo Santiago de Compostela"
"Servizo Público de Emprego de Galicia - Oficina de Empleo","881866380","Ramón Piñeiro, 11-13 - 15702","42.8735955102022","-8.54281693696976","http://emprego.xunta.es","","Para la zona de Santiago centro y Ames.","Administración Santiago de Compostela ","Empleo Santiago de Compostela"
"Servizo Público de Emprego de Galicia - Oficina de Empleo","881867306","Coto, 19 Bajo - 15703","42.8853392970612","-8.52898746728897","http://emprego.xunta.es","","Para la zona de Baña (A), Brión, Boqueixón, Negreira, Pino (O), Santiago, Touro, Trazo, Vedra, Val do Dubra, Dodro, Outes, Padrón, Rois y Santa Comba.","Administración Santiago de Compostela ","Empleo Santiago de Compostela"
"Agencia Tributaria (Hacienda) Santiago de Compostela","981584040","Manuel María, 5 - 15705","42.8950942763048","-8.53208541870117","http://www.agenciatributaria.es","","","Administración Santiago de Compostela ","Hacienda Santiago de Compostela"
"CAISS - Centro de Atención e Información de La Seguridad Social ","901166565","Carlos Briones Varela, s/n (esq. Galeras) - 15705","42.8831958746238","-8.54832524536891","http://www.seg-social.es","","","Administración Santiago de Compostela ","ISFAS - ISM - INSS – SERGAS Santiago de Compostela"
"Tesorería General de La Seguridad Social - Administración Nº 5","981553150","Carlos Briones Varela, s/n  (Esq. Galeras) - 15705","42.8831862813942","-8.54830954729084","http://www.seg-social.es","","","Administración Santiago de Compostela ","ISFAS - ISM - INSS – SERGAS Santiago de Compostela"
"U.R.E. de La Tesorería de La Seguridad Social.","981553152","Carlos Briones Varela, s/n  (Esq. Galeras) - 15705","42.8831754634904","-8.54813307523727","http://www.seg-social.es","","","Administración Santiago de Compostela ","ISFAS - ISM - INSS – SERGAS Santiago de Compostela"
"Xerencia do Servizo Galego de Saúde (Gerencia)","881542813","Edif. Admtvo. do Sergas - San Lazaro - 15781","42.8882000634494","-8.51789575197608","https://www.sergas.es","","","Administración Santiago de Compostela ","ISFAS - ISM - INSS – SERGAS Santiago de Compostela"
"Administración de Loterías","999999000","Amor Ruibal, 9 Baixo - 15702","42.8684009970458","-8.54713261127472","","","También frutos secos y golosinas.","Administración Santiago de Compostela ","Loterías y apuestas del estado, administraciones de loterías Santiago de Compostela"
"Casa Carollo","981587056","San Lázaro, 42 - 15703","42.8866127985058","-8.51939588785172","","loteriasanlazaro@gmail.com","Vinos y tapas. Disponemos de terraza interior. Sellado de Loterías y Apuestas del Estado. ","Administración Santiago de Compostela ","Loterías y apuestas del estado, administraciones de loterías Santiago de Compostela"
"Casimiro","981521038","Avda. Mestra Victoria Míguez, 52 Bajo - VIDAN - 15709","42.8695677119574","-8.57508659362793","https://www.facebook.com/Café-Bar-Casimiro-225157580875064/","","Loterías y apuestas del Estado. Café-Bar.","Administración Santiago de Compostela ","Loterías y apuestas del estado, administraciones de loterías Santiago de Compostela"
"Compostela - Número 11","981562352","Aller Ulloa, 4-6 - 15703","42.8816118240058","-8.54025055174793","","","Lotería Nacional, Primitiva, Bonoloto, Euromillones, El Gordo, La Quiniela, Lototurf, Lotería de Navidad, Lotería del Niño, Lotería de Reyes.","Administración Santiago de Compostela ","Loterías y apuestas del estado, administraciones de loterías Santiago de Compostela"
"Cortizo - Número 8","981596381","República de El Salvador, 22 bajo - 15701","42.8745291984726","-8.5478863120079","","loteriacortizo@gmail.com","Lotería Nacional. Primitiva. Bonoloto. Euromillones. El Gordo. La Quiniela. Lototurf. Lotería de Navidad. Lotería del Niño. Lotería de Reyes.","Administración Santiago de Compostela ","Loterías y apuestas del estado, administraciones de loterías Santiago de Compostela"
"Duende Azul","981570881","Concheiros, 29 - 15704","42.8838088172896","-8.53422936867196","","","Revistas, librería, sellado de quinielas, artículos de regalo... ","Administración Santiago de Compostela ","Loterías y apuestas del estado, administraciones de loterías Santiago de Compostela"
"El Filón de Oro","981599108","Rosa, 26 Bajo - 15701","42.8719423559027","-8.54722380638123","","","Lotería Nacional. Primitiva. Bonoloto. Euromillones. El Gordo. La Quiniela. Lototurf. Lotería de Navidad. Lotería del Niño. Lotería de Reyes.","Administración Santiago de Compostela ","Loterías y apuestas del estado, administraciones de loterías Santiago de Compostela"
"Gigirey","981574383","Mallou, 11 - 15703","42.8975553765288","-8.52818414568901","https://www.facebook.com/Bar-Gigirey-1006370506092800","","Café-bar, sellado de quinielas. Terraza. Los viernes tenemos un pulpeiro.","Administración Santiago de Compostela ","Loterías y apuestas del estado, administraciones de loterías Santiago de Compostela"
"La Romería - Número 6","981562588","Pza. de Cervantes, 23 - 15704","42.8812257864109","-8.5423555970192","","","Venta de loterías y sellado de quinielas. Euromillones, Primitiva, Bonoloto, Lotería Nacional.","Administración Santiago de Compostela ","Loterías y apuestas del estado, administraciones de loterías Santiago de Compostela"
"La Suerte de Compostela","881039059","Aeropuerto de Lavacolla, s/n Pl. 1. Salidas. - 15820","42.8913646134765","-8.42122435569763","http://www.lasuertedelpasajero.es","lae15@lasuertedelpasajero.es","Administración número 15 que ofrece jugar en los nueve juegos estatales.","Administración Santiago de Compostela ","Loterías y apuestas del estado, administraciones de loterías Santiago de Compostela"
"Liñares","981583027","Bispo Diego Peláez, 1 - 15705","42.8921938836155","-8.54456841945648","","","Sellado de Loterías y Apuestas del Estado","Administración Santiago de Compostela ","Loterías y apuestas del estado, administraciones de loterías Santiago de Compostela"
"Número 1","981580225","Fonte de Santo Antonio, 19 - 15702","42.8770943114242","-8.54348480701447","","cachedaloto@hotmail.ocm","Administración de loterías y expendeduría de tabaco.","Administración Santiago de Compostela ","Loterías y apuestas del estado, administraciones de loterías Santiago de Compostela"
"Número 13","981530418","Avda. de Ferrol, 46 Bajo - CONXO - 15706","42.867668717366","-8.55518996715546","","","Lotería Nacional. Primitiva. Bonoloto. Euromillones. El Gordo. La Quiniela. Lototurf. Lotería de Navidad. Lotería del Niño. Lotería de Reyes.","Administración Santiago de Compostela ","Loterías y apuestas del estado, administraciones de loterías Santiago de Compostela"
"Número 14","981531759","Restollal, 50 (C.Cial. Compostela, Stno. 1) - 15702","42.8628325045792","-8.54235291481018","","info@la14desantiago.es","Lotería Nacional. Primitiva. Bonoloto. Euromillones. El Gordo. La Quiniela. Lototurf. Lotería de Navidad. Lotería del Niño. Lotería de Reyes.","Administración Santiago de Compostela ","Loterías y apuestas del estado, administraciones de loterías Santiago de Compostela"
"Número 3","981585683","Rúa do Vilar, 85 Bajo - 15705","42.8774023799665","-8.54568353372952","http://www.loteriacompostela.es","","Venta de lotería y juegos del estado a nuestro público de Compostela, a los turistas y a los peregrinos, desde hace más de 50 años.","Administración Santiago de Compostela ","Loterías y apuestas del estado, administraciones de loterías Santiago de Compostela"
"Número 30","981525762","Sánchez Freire, 90 Bajo - CONXO - 15706","42.8645852199667","-8.55560486671425","","","Artículos de fumador. Administración de loterías.","Administración Santiago de Compostela ","Loterías y apuestas del estado, administraciones de loterías Santiago de Compostela"
"Número 7","981582820","C. Cial. Área Central, Pl. Baja Loc. 18-D-2 - FONTIÑAS - 15707","42.8829769608791","-8.52880239486694","","","Lotería Nacional, Primitiva. Bonoloto, Euromillones, El Gordo, La Quiniela, Lototurf, Lotería de Navidad, Lotería del Niño, Lotería de Reyes.","Administración Santiago de Compostela ","Loterías y apuestas del estado, administraciones de loterías Santiago de Compostela"
"Paz Nogueira","981594799","Castiñeiriño, 20 Bajo - 15702","42.8600623242487","-8.54065775871277","","estancopaznogueira@hotmail.com","Prensa. Administración de loterias y estanco.","Administración Santiago de Compostela ","Loterías y apuestas del estado, administraciones de loterías Santiago de Compostela"
"Pichita","981583038","Santa Clara, 18 Bajo - 15704","42.8860585927749","-8.54079723358154","http://www.loteriapichita.es","","Administración nº 10. Vendiendo ilusión a través de los juegos, compra desde tu casa.","Administración Santiago de Compostela ","Loterías y apuestas del estado, administraciones de loterías Santiago de Compostela"
"Pico Sacro","981584640","San Francisco, 10 - 15705","42.8820748469061","-8.54536235332489","","info@hotelpicasacro.com","Cafetería. Sellado de loterías.","Administración Santiago de Compostela ","Loterías y apuestas del estado, administraciones de loterías Santiago de Compostela"
"Reina - Número 9","981598922","Santiago de Chile, 14 - 15706","42.8723296029146","-8.55070263147354","","","Lotería Nacional. Primitiva. Bonoloto. Euromillones. El Gordo. La Quiniela. Lototurf. Lotería de Navidad. Lotería del Niño. Lotería de Reyes.","Administración Santiago de Compostela ","Loterías y apuestas del estado, administraciones de loterías Santiago de Compostela"
"Reyva","981576708","Galeras, s/n - 15705","42.8827279386231","-8.54848970304101","","","Lotería Nacional. Primitiva. Bonoloto. Euromillones. El Gordo. La Quiniela. Lototurf. Lotería de Navidad. Lotería del Niño. Lotería de Reyes.","Administración Santiago de Compostela ","Loterías y apuestas del estado, administraciones de loterías Santiago de Compostela"
"Venecia","981572265","Hórreo, 27 Bajo - 15702","42.8751774812702","-8.54419187483404","","","Lotería Nacional. Primitiva. Bonoloto. Euromillones. El Gordo. La Quiniela. Lototurf. Lotería de Navidad. Lotería del Niño. Lotería de Reyes.","Administración Santiago de Compostela ","Loterías y apuestas del estado, administraciones de loterías Santiago de Compostela"
"ADEGA - Asociación para a Defensa Ecolóxica de Galicia","981570099","Trva. dos Basquiños, 9 Bajo - 15704","42.8866892084574","-8.53872049570077","http://www.adega.gal","adega@adega.gal","Convervación e biodiversidade, contaminación, residuos, enerxía, cambio climático, medio rural, montes, territorio, urbanismo, cultura, patrimonio, auga, ríos..","Administración Santiago de Compostela ","Medio ambiente instituciones Santiago de Compostela"
"Centro de Interpretación Ambiental ","981543145","Camiño Ameixaga, 13 - 15703","42.8752045926925","-8.53842566663093","","","","Administración Santiago de Compostela ","Medio ambiente instituciones Santiago de Compostela"
"Instituto de Investigaciones Agrobiológicas de Galicia – CSIC","981590958","Avda. de Vigo, s/n - 15705","42.8757723849516","-8.5522949838936","http://www.iiag.csic.es","","Tiene con principal objetivo realizar investigaciones científicas y técnicas en el ámbito agro-forestal, estudiando principalmente el suelo y la planta.","Administración Santiago de Compostela ","Medio ambiente instituciones Santiago de Compostela"
"Instituto Geológico y Minero de España – IGME","981562285","Cardeal Payá, 18 1º - 15703","42.8779689807343","-8.54268282651901","http://www.igme.es","","El Instituto Geológico y Minero de España es un Organismo Público de Investigación, con carácter de organismo autónomo.","Administración Santiago de Compostela ","Medio ambiente instituciones Santiago de Compostela"
"Meteogalicia - Unidade de Observación e Predicción Meteorolóxica","881999654","Roma, 6 - FONTIÑAS - 15707","42.8865341880668","-8.52112054824829","http://www.meteogalicia.es","","Predicciones meteorológicas, observaciones, modelos numéricos, calidad del aire, formación-Meteoescolas, informes climatológicos, publicaciones...","Administración Santiago de Compostela ","Medio ambiente instituciones Santiago de Compostela"
"Observatorio Astronómico Ramón María Aller","881815016","Avda. das Ciencias, s/n - CAMPUS VIDA - 15705","42.875853073837","-8.55534299140163","http://www.usc.es/astro","","","Administración Santiago de Compostela ","Medio ambiente instituciones Santiago de Compostela"
"Observatorio Geofísico - Instituto Geográfico Nacional","981585392","Cuesta de Santa Isabel, s/n - 15705","42.8863425747023","-8.55196863412857","","","","Administración Santiago de Compostela ","Medio ambiente instituciones Santiago de Compostela"
"Oficina Meteorolóxica do Aeroporto de Santiago","981599160","Aeropuerto de Lavacolla, s/n - 15820","42.8913646134765","-8.42122435569763","","","","Administración Santiago de Compostela ","Medio ambiente instituciones Santiago de Compostela"
"Verdegaia","622033665","","42.8719973962352","-8.55160385370255","http://www.verdegaia.org","","Asociación ecoloxista galega sen ánimo de lucro, constituída co obxecto de contribuír desde Galiza para a defensa do medio ambiente, sensibilización social, etc","Administración Santiago de Compostela ","Medio ambiente instituciones Santiago de Compostela"
"Aeródromo Militar de Santiago de Compostela","981509520","Lavacolla, (al lado del aeropuerto) - 18820","42.9012973595629","-8.42370266455691","","","","Administración Santiago de Compostela ","Militar Santiago de Compostela"
"Grupo Parlamentario BNG","981551545","Hórreo, 63 - 15702","42.8729633258125","-8.54465654047544","","gp-bng@parlamentodegalicia.es","","Administración Santiago de Compostela ","Parlamento de Galicia Santiago de Compostela"
"Grupo Parlamentario PP","981551510","Hórreo, 63 - 15702","42.8729633258125","-8.54465654047544","","gp-pp@parlamentodegalicia.es","","Administración Santiago de Compostela ","Parlamento de Galicia Santiago de Compostela"
"Grupo Parlamentario PSdeG - PSOE","981551530","Hórreo, 63 - 15702","42.8729633258125","-8.54465654047544","","gp-socialista@parlamentodegalicia.es","","Administración Santiago de Compostela ","Parlamento de Galicia Santiago de Compostela"
"Parlamento de Galicia","981551300","Hórreo, 63 - 15702","42.8729448685507","-8.54442358016968","http://www.parlamentodegalicia.es","","Sede del Parlamento de Galicia en Santiago de Compostela, constituído por las diputadas y diputados elegidos en sufragio univerval.","Administración Santiago de Compostela ","Parlamento de Galicia Santiago de Compostela"
"Agencia Tributaria (Hacienda) Santiago de Compostela","981584040","Manuel María, 5 - 15705","42.8950942763048","-8.53208541870117","http://www.agenciatributaria.es","","","Administración Santiago de Compostela ","Trámites administrativos más usuales Santiago de Compostela"
"CAISS - Centro de Atención e Información de La Seguridad Social ","901166565","Carlos Briones Varela, s/n (esq. Galeras) - 15705","42.8831958746238","-8.54832524536891","http://www.seg-social.es","","","Administración Santiago de Compostela ","Trámites administrativos más usuales Santiago de Compostela"
"Cámara de Comercio","981596800","San Pedro de Mezonzo, 44 Bajo - 15701","42.87098","-8.54705164418033","http://www.camaracompostela.com","informacion@camaracompostela.com","Cámara oficial de comercio industria y navegación. Asesoramiento laboral, fiscal, jurídico, empresarial, formación comercio exterior, servicio de empresas, etc.","Administración Santiago de Compostela ","Trámites administrativos más usuales Santiago de Compostela"
"Guardia Civil de Tráfico","981582266","Doiro, 25 - 15704","42.8907495315031","-8.52421045303345","http://www.dgt.es","","","Administración Santiago de Compostela ","Trámites administrativos más usuales Santiago de Compostela"
"Policía Nacional - DNI e Pasaportes","981551167","Avda. de Rodrigo de Padrón, 3 - 15705","42.8785841901476","-8.54617238044739","https://www.citapreviadnie.es","","Oficina para la expedición, tramitación y renovación del Documento Nacional de Identidad (DNI) y pasaporte español. ","Administración Santiago de Compostela ","Trámites administrativos más usuales Santiago de Compostela"
"Registro de La Propiedad Nº 1","981563380","Pza. Constitución, s/n - 15705","42.8733891140466","-8.54335069656372","http://www.registradores.org","","","Administración Santiago de Compostela ","Trámites administrativos más usuales Santiago de Compostela"
"Registro de La Propiedad Nº 2","981584646","Pza. Constitución, s/n - 15702","42.8734087708531","-8.54335069656372","http://www.registradores.org","","","Administración Santiago de Compostela ","Trámites administrativos más usuales Santiago de Compostela"
"Registro Mercantil","981561693","Pza. Constitución, s/n - 15702","42.8734176164139","-8.54334801435471","http://www.registradores.org","santiagodecompostela@registromercantil.org","","Administración Santiago de Compostela ","Trámites administrativos más usuales Santiago de Compostela"
"Servicio Público de Empleo Estatal - Prestaciones - SEPE (Antes INEM)","981554159","Ramón Piñeiro, 11-13 - 15702","42.8735955102022","-8.54281693696976","http://www.sepe.es","","Para la zona de Santiago centro y Ames.","Administración Santiago de Compostela ","Trámites administrativos más usuales Santiago de Compostela"
"Servicio Público de Empleo Estatal - Prestaciones - SEPE (Antes INEM)","981554180","Coto, 19 Bajo - 15703","42.8853392970612","-8.52898746728897","http://www.sepe.es","","Para la zona de Baña (A), Brión, Boqueixón, Negreira, Pino (O), Santiago, Touro, Trazo, Vedra, Val do Dubra, Dodro, Outes, Padrón, Rois y Santa Comba.","Administración Santiago de Compostela ","Trámites administrativos más usuales Santiago de Compostela"
"Servizo Público de Emprego de Galicia - Oficina de Empleo","881866380","Ramón Piñeiro, 11-13 - 15702","42.8735955102022","-8.54281693696976","http://emprego.xunta.es","","Para la zona de Santiago centro y Ames.","Administración Santiago de Compostela ","Trámites administrativos más usuales Santiago de Compostela"
"Servizo Público de Emprego de Galicia - Oficina de Empleo","881867306","Coto, 19 Bajo - 15703","42.8853392970612","-8.52898746728897","http://emprego.xunta.es","","Para la zona de Baña (A), Brión, Boqueixón, Negreira, Pino (O), Santiago, Touro, Trazo, Vedra, Val do Dubra, Dodro, Outes, Padrón, Rois y Santa Comba.","Administración Santiago de Compostela ","Trámites administrativos más usuales Santiago de Compostela"
"Tesorería General de La Seguridad Social - Administración Nº 5","981553150","Carlos Briones Varela, s/n  (Esq. Galeras) - 15705","42.8831862813942","-8.54830954729084","http://www.seg-social.es","","","Administración Santiago de Compostela ","Trámites administrativos más usuales Santiago de Compostela"
"U.R.E. de La Tesorería de La Seguridad Social.","981553152","Carlos Briones Varela, s/n  (Esq. Galeras) - 15705","42.8831754634904","-8.54813307523727","http://www.seg-social.es","","","Administración Santiago de Compostela ","Trámites administrativos más usuales Santiago de Compostela"
"AGADIC - Axencia Galega das Industrias Culturais (Agencia Gallega)","881996078","Monte Gaiás, s/n (Edif. CEM) - CIDADE DA CULTURA DE GALICIA - 15707","42.869055148158","-8.52537305059207","http://www.agadic.info","agadic@xunta.es","","Administración Santiago de Compostela ","Xunta consellería de cultura, educación e ordenación universitaria Santiago de Compostela"
"Centro Dramático Galego","981581111","Rúa Nova, 34 - 15705","42.8784151555845","-8.5438147187233","http://www.centrodramatico.org","","O Centro Dramático Galego é a unidade da Consellaría de Cultura e Turismo dedicada á produción e distribución de espectáculos teatrais.","Administración Santiago de Compostela ","Xunta consellería de cultura, educación e ordenación universitaria Santiago de Compostela"
"Dirección Xeral de Centros e Recursos Humanos (Dirección General)","981546558","Edif. Admtvo. San Caetano, s/n 2ª Pl. - 15781","42.8891479314505","-8.53448867797852","http://www.edu.xunta.gal","dxcrrhh@edu.xunta.es","","Administración Santiago de Compostela ","Xunta consellería de cultura, educación e ordenación universitaria Santiago de Compostela"
"Dirección Xeral de Educación, Formación Profesional e Innovación Educativa (Dirección General)","981546562","Edif. Admtvo. San Caetano, s/n 2ª Pl. - 15781","42.8891479314505","-8.53448867797852","http://www.edu.xunta.es","dxefpie@edu.xunta.es","","Administración Santiago de Compostela ","Xunta consellería de cultura, educación e ordenación universitaria Santiago de Compostela"
"Dirección Xeral de Patrimonio Cultural (Dirección General)","981544877","Edif. Admtvo. San Caetano, s/n  Bloq. 3 2ª Pl. - 15781","42.8891479314505","-8.53448867797852","http://www.xunta.es","patrimonio.cultura@xunta.gal","","Administración Santiago de Compostela ","Xunta consellería de cultura, educación e ordenación universitaria Santiago de Compostela"
"Fundación Cidade da Cultura (Ciudad de La Cultura)","881997564","Monte Gaiás, s/n - CIDADE DA CULTURA DE GALICIA - 15707","42.869055148158","-8.52537305059207","http://www.cidadedacultura.gal","cidade.cultura@xunta.es","Creación e xestión dun espazo multifuncional, multidisciplinar e aglutinador, propicio para a interacción cultural.","Administración Santiago de Compostela ","Xunta consellería de cultura, educación e ordenación universitaria Santiago de Compostela"
"Gabinete de Prensa","981544490","Edif. Admtvo. San Caetano, s/n  2ª Pl. - 15781","42.8891479314505","-8.53448867797852","http://www.xunta.gal","prensa.cultura.educacion@xunta.gal","","Administración Santiago de Compostela ","Xunta consellería de cultura, educación e ordenación universitaria Santiago de Compostela"
"Inspección de Educación","981540197","San Lázaro, 107 (Entr. Rúa Vesada) - 15071","42.8867660885736","-8.51364254951477","http://www.edu.xunta.gal/portal/node/408","inspeccion.santiago@edu.xunta.es","","Administración Santiago de Compostela ","Xunta consellería de cultura, educación e ordenación universitaria Santiago de Compostela"
"Secretaría Xeral de Cultura (Secretaría General)","981544814","Edif. Admtvo. San Caetano, s/n Bloq. 3 2ª Pl. - 15781","42.8891479314505","-8.53448867797852","http://www.xunta.gal","secretaria.xeral.cultura@xunta.gal","","Administración Santiago de Compostela ","Xunta consellería de cultura, educación e ordenación universitaria Santiago de Compostela"
"Secretaría Xeral de Política Lingüística (Secretaría General)","881996301","San Roque, 2 - 15704","42.8832707838244","-8.54197204113007","http://www.lingua.gal","","","Administración Santiago de Compostela ","Xunta consellería de cultura, educación e ordenación universitaria Santiago de Compostela"
"Secretaría Xeral de Universidades (Secretaría General)","981545427","Edif. Admtvo. San Caetano, s/n 1ª Pl. - 15781","42.8891479314505","-8.53448867797852","http://www.edu.xunta.es","sxu@edu.xunta.es","","Administración Santiago de Compostela ","Xunta consellería de cultura, educación e ordenación universitaria Santiago de Compostela"
"Secretaría Xeral Técnica (Secretaría General)","981544417","Edif. Admtvo. San Caetano, s/n Pl. baja - 15781","42.8891479314505","-8.53448867797852","http://www.edu.xunta.es","","","Administración Santiago de Compostela ","Xunta consellería de cultura, educación e ordenación universitaria Santiago de Compostela"
"Subdirección de Conservación e Restauración de Bens Culturais","981546591","Santo Domingo de Bonaval, s/n - 15704","42.8826231922657","-8.53908330202103","http://www.edu.xunta.gal/portal/es/node/15821","","Servicio de Arquitectura y Etnografía, Servicio de Arqueología, Servicio de Museos.","Administración Santiago de Compostela ","Xunta consellería de cultura, educación e ordenación universitaria Santiago de Compostela"
"Subdirección Xeral de Protección do Patrimonio Cultural (Subdirección General)","981544010","Edif. Admtvo. San Caetano, s/n Bloq. 3 2ª Pl. - 15781","42.8891479314505","-8.53448867797852","http://www.xunta.es","proteccion.patrimonio.cultural@xunta.es","","Administración Santiago de Compostela ","Xunta consellería de cultura, educación e ordenación universitaria Santiago de Compostela"
"Axencia Galega de Innovación (Agencia Gallega)","981541072","Airas Nunes, s/n (Edif. CNTG) - CONXO - 15702","42.8629032","-8.5544925","http://gain.xunta.gal","gain@xunta.gal","A Axencia ten como obxectivo liderar as políticas de innovación das Administracións Públicas galegas, estimular a consolidación do sistema galego I+D+i...","Administración Santiago de Compostela ","Xunta consellería de economía, emprego e industria Santiago de Compostela"
"Axencia Galega de Innovación (Agencia Gallega)","981543997","Pza. de Europa, 10 A  6º B (C. Cial. Área Central) - FONTIÑAS - 15707","42.8821456014197","-8.52743446826935","http://gain.xunta.gal/?locale=es_ES","","Desarrolla instrumentos para I+D+I, asesoramiento para empresas, seguimiento de proyectos...","Administración Santiago de Compostela ","Xunta consellería de economía, emprego e industria Santiago de Compostela"
"CESGA - Centro de Supercomputación de Galicia","981569810","Avda. de Vigo, s/n (Campus Sur) - 15705","42.8757341268778","-8.55326145887375","http://www.cesga.es","informacion@cesga.es","Centro de cálculo, comunicaciones de altas prestaciones y servicios avanzados de la Comunidad Científica Gallega.","Administración Santiago de Compostela ","Xunta consellería de economía, emprego e industria Santiago de Compostela"
"CNTG - Centro de Novas Tecnoloxías de Galicia (Centro de Nuevas Tecnologías)","881997802","Airas Nunes, s/n - CONXO - 15702","42.8629032","-8.5544925","https://cntg.xunta.es","administracion.cnt@xunta.es","","Administración Santiago de Compostela ","Xunta consellería de economía, emprego e industria Santiago de Compostela"
"Consello Galego de Cooperativas (Consejo Gallego)","881999268","Edif. Admtvo. San Lázaro - 15781","42.8865574715659","-8.51764824173358","http://www.xunta.gal","consellogalegodecooperativas@xunta.gal","Órgano consultivo y asesor. Promoción y difusión del cooperativismo en Galicia. ","Administración Santiago de Compostela ","Xunta consellería de economía, emprego e industria Santiago de Compostela"
"Consello Galego de Relacións Laborais - Consejo Gallego de Relaciones Laborales","981541602","Algalia de Abaixo, 24 Bajo - 15781","42.8822880929028","-8.54183927178383","http://cgrl.xunta.es","info.cgrl@xunta.es","Órgano de diálogo institucional entre os axentes sociais galegos, órgano consultivo e asesor da Xunta de Galicia en materias relativas á súa política laboral.","Administración Santiago de Compostela ","Xunta consellería de economía, emprego e industria Santiago de Compostela"
"Direc. Xeral de Orientación e Promoción Laboral - Direc. General de Orientación y Promoción Laboral","981545675","Edif. Admtvo. San Lázaro, s/n - 15781","42.888921935457","-8.51871460676193","http://www.xunta.gal","dx.orientacionepromocion@xunta.gal","","Administración Santiago de Compostela ","Xunta consellería de economía, emprego e industria Santiago de Compostela"
"Dirección Xeral de Comercio (Dirección General)","981545590","Edif. Admtvo. San Caetano, s/n Bloq. 5 3ª Pl. - 15781","42.8891479314505","-8.53448867797852","http://ceei.xunta.gal","cei.dxc@xunta.es","","Administración Santiago de Compostela ","Xunta consellería de economía, emprego e industria Santiago de Compostela"
"Dirección Xeral de Industria, Enerxía e Minas (Dirección General Energía y Minas)","881995324","Edif. Admtvo. San Caetano, s/n, Bloq. 5  Pl. 4 - 15781","42.8891479314505","-8.53448867797852","http://www.xunta.es","","","Administración Santiago de Compostela ","Xunta consellería de economía, emprego e industria Santiago de Compostela"
"Escola Galega de Consumo (Escuela Gallega)","881999092","Avda. Gonzalo Torrente Ballester, 1-5 Bajo - 15707","42.8788181028957","-8.53229710185246","http://igc.xunta.es","igc.escuela@xunta.es","Coordina as actividades de educación e formación no eido do consumo, coa finalidade de impulsar e desenvolver a educación e formación dos consumidores galegos.","Administración Santiago de Compostela ","Xunta consellería de economía, emprego e industria Santiago de Compostela"
"IGAPE - Instituto Galego de Promoción Económica (Instituto Gallego)","981541147","San Lázaro, s/n (Complejo Administrativo) - 15703","42.8877211950304","-8.51880311965942","http://www.igape.es","","O Instituto Galego de Promoción Económica (IGAPE) é a axencia, adscrita á Consellería de Economía e Industria, para o desenvolvemento económico de Galicia.","Administración Santiago de Compostela ","Xunta consellería de economía, emprego e industria Santiago de Compostela"
"IGC - Instituto Galego de Consumo (Instituto Gallego)","900231123","Avda. Gonzalo Torrente Ballester, 1-5 Bajo - 15707","42.8788023788294","-8.53227832638936","http://www.igc.xunta.es","","","Administración Santiago de Compostela ","Xunta consellería de economía, emprego e industria Santiago de Compostela"
"INEGA - Instituto Enerxético de Galicia (Instituto Energético)","981541538","Avelino Pousa Antelo, 5 - 15703","42.886167749901","-8.52062086011892","http://www.inega.gal","info@inega.es","Ente público adscrito a la Consellería competente en materia de energía.","Administración Santiago de Compostela ","Xunta consellería de economía, emprego e industria Santiago de Compostela"
"ISSGA - Instituto Galego de Seguridade e Saúde Laboral - Servizos Centrais","981957018","Edif. Admtvo. San Lázaro, Edif. Igape 3º Planta. - 15704","42.8877673777867","-8.51871192455292","http://www.issga.es","issga@xunta.es","","Administración Santiago de Compostela ","Xunta consellería de economía, emprego e industria Santiago de Compostela"
"Secretaría Xeral de Emprego (Secretaría General)","981544666","Edif. Admtvo. San Lázaro, s/n  Pl. 0 - 15781","42.8888983532187","-8.51877361536026","http://www.xunta.es","secretaria-xeralemprego@xunta.gal","","Administración Santiago de Compostela ","Xunta consellería de economía, emprego e industria Santiago de Compostela"
"Secretaría Xeral Técnica (Secretaría General)","981545532","Edif. Admtvo. San Caetano, s/n , Bloq. 5, 4ª Pl. - 15781","42.8891479314505","-8.53448867797852","http://economiaeindustria.xunta.es","cei.secretarioxeral@xunta.es","","Administración Santiago de Compostela ","Xunta consellería de economía, emprego e industria Santiago de Compostela"
"SEGAPI - Servizo Galego de Propiedade Industrial","981957390","Pza. de Europa, 10 A 3º (C. Cial. Área Central) - FONTIÑAS - 15707","42.8821456014197","-8.52743446826935","http://gain.xunta.gal","infosegapi.gain@xunta.es","","Administración Santiago de Compostela ","Xunta consellería de economía, emprego e industria Santiago de Compostela"
"SMAC - Sección Provincial de Mediación, Arbitraxe e Conciliación","981957685","Edif. Admtvo. San Lázaro, s/n - 15703","42.8888983532187","-8.51877361536026","http://www.xunta.es","","","Administración Santiago de Compostela ","Xunta consellería de economía, emprego e industria Santiago de Compostela"
"Subdirección Xeral de Cooperativas e Economía Social (Subdirección General)","981544647","Edif. Admtvo. San Lázaro, s/n - 15781","42.8888983532187","-8.51877361536026","http://www.xunta.es","","","Administración Santiago de Compostela ","Xunta consellería de economía, emprego e industria Santiago de Compostela"
"ATRIGA - Axencia Tributaria De Galicia (Agencia) - Servizos Centrais","981544189","Pastoriza, 8 (Edif. Admtvo) - 15781","42.8883402376128","-8.53627234697342","http://www.atriga.es","","","Administración Santiago de Compostela ","Xunta consellería de facenda Santiago de Compostela"
"CIXTEC - Centro Informático para Xestión Tributaria, Económica, Financieira e Contable","981541300","Domingo Fontán, 9 - 15702","42.8736295880841","-8.54101444907383","http://www.cixtec.es","","","Administración Santiago de Compostela ","Xunta consellería de facenda Santiago de Compostela"
"Consello Galego da Competencia (Consejo Gallego)","981957561","Avda. Gonzalo Torrente Ballester, 1-5 Bajo - 15707","42.8788181028957","-8.53229710185246","http://www.consellogalegodacompetencia.es","informacion@consellogalegodacompetencia.es","","Administración Santiago de Compostela ","Xunta consellería de facenda Santiago de Compostela"
"Dirección Xeral da Función Pública (Dirección General)","981545227","Edif. Admtvo. San Caetano, s/n 2ª Pl. - 15781","42.8891479314505","-8.53448867797852","http://www.xunta.gal","direccion.xeral.funcion.publica@xunta.gal","","Administración Santiago de Compostela ","Xunta consellería de facenda Santiago de Compostela"
"Dirección Xeral de Planificación e Orzamentos - Dirección General de Planificación y Presupuestos","981545110","Edif. Admtvo. San Caetano, s/n - 15781","42.8891479314505","-8.53448867797852","http://www.xunta.gal","","","Administración Santiago de Compostela ","Xunta consellería de facenda Santiago de Compostela"
"Dirección Xeral de Política Financeira, Tesouro e Fondos Europeos","981545154","Edif. Admtvo. San Caetano, s/n - 15781","42.8891479314505","-8.53448867797852","http://www.conselleriadefacenda.es","dx.politica.financeira.tesouro.fondos.europeos.facenda@xunta.gal","","Administración Santiago de Compostela ","Xunta consellería de facenda Santiago de Compostela"
"IGE - Instituto Galego de Estatística (Instituto Gallego de Estadística)","981541321","San Lázaro, s/n (Edif. Administrativo) - 15703","42.8876344477056","-8.51887748710249","http://www.ige.eu","ige@ige.eu","Datos estadísticos de Galicia sobre población, agricultura, comercio, trabajo, educación, sanidad, vivienda, economía...","Administración Santiago de Compostela ","Xunta consellería de facenda Santiago de Compostela"
"Intervención Xeral da Comunidade Autónoma (Intervención General)","981544170","Edif. Admtvo. San Caetano, s/n - 15781","42.8891479314505","-8.53448867797852","http://www.conselleriadefacenda.es","intervencion.xeral.comunidade.autonoma@xunta.gal","","Administración Santiago de Compostela ","Xunta consellería de facenda Santiago de Compostela"
"Secretaría Xeral Técnica do Patrimonio (Secretaría General)","981544121","Edif. Admtvo. San Caetano, s/n, Bloq. 3 - 15781","42.8891479314505","-8.53448867797852","http://www.conselleriadefacenda.es","secretaria.xeral.facenda@xunta.gal","","Administración Santiago de Compostela ","Xunta consellería de facenda Santiago de Compostela"
"Subdirección Xeral do Patrimonio da Comunidade Autónoma (Subdirección General)","981544146","Pastoriza, 8 2º (Edif. Admtvo.) - 15781","42.8883343419984","-8.53628307580948","http://www.conselleriadefacenda.es","","","Administración Santiago de Compostela ","Xunta consellería de facenda Santiago de Compostela"
"Axencia Galega De Infraestruturas (Agencia Gallega)","981544501","Edif. Admtvo. San Caetano, s/n 1ª Pl. - 15781","42.8891479314505","-8.53448867797852","http://www.xunta.gal","cmati.infraestructuras@xunta.es","","Administración Santiago de Compostela ","Xunta consellería de infraestruturas e vivenda Santiago de Compostela"
"Dirección Xeral de Mobilidade - Dirección General de Movilidad","981544581","Pza. de Europa, 5 A  2º Pl. (C. Cial. Área Central) - FONTIÑAS - 15707","42.8825760229639","-8.5274076461792","http://www.xunta.gal","civ.mobilidade@xunta.gal","","Administración Santiago de Compostela ","Xunta consellería de infraestruturas e vivenda Santiago de Compostela"
"IGVS - Dirección Técnica de Fomento","981541910","C. Cial. Área Central, s/n - FONTIÑAS - 15781","42.8829769608791","-8.52880239486694","http://www.igvs.xunta.es","","","Administración Santiago de Compostela ","Xunta consellería de infraestruturas e vivenda Santiago de Compostela"
"IGVS - Dirección Técnica de Solo, Edificación e Calidade","981541916","C. Cial. Área Central, s/n - FONTIÑAS - 15781","42.8829769608791","-8.52880239486694","http://www.igvs.xunta.es","dtsoloedificacionecalidade.igvs@xunta.gal","","Administración Santiago de Compostela ","Xunta consellería de infraestruturas e vivenda Santiago de Compostela"
"IGVS - Instituto Galego da Vivenda e Solo - Información ","981541982","C. Cial. Área Central, s/n - FONTIÑAS - 15781","42.8829769608791","-8.52880239486694","http://www.igvs.xunta.es","","","Administración Santiago de Compostela ","Xunta consellería de infraestruturas e vivenda Santiago de Compostela"
"IGVS - Secretaría Xeral (Secretaría General)","981541918","C. Cial. Área Central, s/n - FONTIÑAS - 15781","42.8829769608791","-8.52880239486694","http://www.igvs.xunta.es","sx.igvs@xunta.gal","","Administración Santiago de Compostela ","Xunta consellería de infraestruturas e vivenda Santiago de Compostela"
"Secretaría Xeral Técnica (Secretaría General)","981544574","Edif. Admtvo. San Caetano, s/n - 15781","42.8891479314505","-8.53448867797852","http://www.xunta.gal","","","Administración Santiago de Compostela ","Xunta consellería de infraestruturas e vivenda Santiago de Compostela"
"SPI - Sociedade Pública de Investimentos de Galicia","981545002","Avelino Pousa Antelo, 1 - 15707","42.8863632100162","-8.52102398872375","http://www.spigalicia.es","","","Administración Santiago de Compostela ","Xunta consellería de infraestruturas e vivenda Santiago de Compostela"
"Xurado de Expropiación de Galicia (Jurado de Expropiación)","981957702","Avelino Pousa Antelo, 1 1ª Pl. - 15781","42.8863632100162","-8.52102398872375","http://www.xunta.es","xurado.expropiacions@xunta.es","","Administración Santiago de Compostela ","Xunta consellería de infraestruturas e vivenda Santiago de Compostela"
"APLU - Axencia de Protección da Legalidade Urbanística (Agencia)","981544387","Os Camiños da Vida, s/n (Edif. Witland) 1º - SALGUEIRIÑOS - 15781","42.8948624071091","-8.53423655033112","http://www.axenciaurbanistica.es","","","Administración Santiago de Compostela ","Xunta consellería de medio ambiente e ordenación do territorio Santiago de Compostela"
"Dirección Xeral de Calidade e Avaliación Ambiental (Dirección General)","981541705","Edif. Admtvo. San Lázaro, s/n - 15781","42.8867916368812","-8.51812988519669","http://www.xunta.gal","dxcalidadeambiental.cmot@xunta.gal","","Administración Santiago de Compostela ","Xunta consellería de medio ambiente e ordenación do territorio Santiago de Compostela"
"Dirección Xeral de Ordenación do Territorio e Urbanismo (Dirección General)","981544355","Edif. Admtvo. San Caetano, s/n - 15781","42.8891479314505","-8.53448867797852","http://www.xunta.gal","sxurbanismo@xunta.es","","Administración Santiago de Compostela ","Xunta consellería de medio ambiente e ordenación do territorio Santiago de Compostela"
"Dirección Xeral do Patrimonio Natural (Dirección General)","981547202","Edif. Admtvo. San Lázaro, s/n - 15781","42.8868014631505","-8.51814866065979","http://www.xunta.gal","dxpn.cmot@xunta.gal","","Administración Santiago de Compostela ","Xunta consellería de medio ambiente e ordenación do territorio Santiago de Compostela"
"Entidade Pública Empresarial Augas de Galicia - Servizos Centrais (Aguas de Galicia)","981545381","Pza. de Camilo Díaz Baliño, 7-9 - 15781","42.8876229337317","-8.53372424840927","http://augasdegalicia.xunta.gal","augasdegalicia@xunta.gal","","Administración Santiago de Compostela ","Xunta consellería de medio ambiente e ordenación do territorio Santiago de Compostela"
"Entidade Pública Empresarial Augas de Galicia (Aguas de Galicia) ","981957427","Dr. Maceira, 18 Bajo - 15706","42.8700591606686","-8.55409562587738","http://augasdegalicia.xunta.gal","","","Administración Santiago de Compostela ","Xunta consellería de medio ambiente e ordenación do territorio Santiago de Compostela"
"Entidade Pública Empresarial Augas de Galicia (Aguas de Galicia) - Zona Galicia-Centro","981544927","Tomiño, 16 Bajo - 15781","42.8857596942745","-8.53453526256567","http://augasdegalicia.xunta.es","augasdegalicia@xunta.es","Zona Galicia Centro.","Administración Santiago de Compostela ","Xunta consellería de medio ambiente e ordenación do territorio Santiago de Compostela"
"Rexistro - Registro","981541759","Edif. Admtvo. San Lázaro, s/n - 15781","42.8867916368812","-8.51812988519669","http://cmaot.xunta.gal","","","Administración Santiago de Compostela ","Xunta consellería de medio ambiente e ordenación do territorio Santiago de Compostela"
"Secretaría Xeral Técnica (Secretaría General)","881995347","Edif. Admtvo. San Lázaro, s/n - 15703","42.8867916368812","-8.51812988519669","http://www.xunta.es","sxt.mot@xunta.gal","","Administración Santiago de Compostela ","Xunta consellería de medio ambiente e ordenación do territorio Santiago de Compostela"
"SIAM - Sistema de Información Ambiental","981541733","Edif. Admtvo. San Lázaro, s/n - 15781","42.8867916368812","-8.51812988519669","http://siam.xunta.gal","informacion.ambiental.cma@xunta.es","","Administración Santiago de Compostela ","Xunta consellería de medio ambiente e ordenación do territorio Santiago de Compostela"
"Área de Familias","981957688","Edif. Admtvo. San Caetano, s/n - 15781","42.8891479314505","-8.53448867797852","http://www.xunta.gal","familia@xunta.es","","Administración Santiago de Compostela ","Xunta consellería de politica social Santiago de Compostela"
"Consorcio Galego de Servizos de Igualdade e Benestar","881996400","Edif. Admtvo. San Lázaro, s/n, 3º Andar - 15703","42.886690621494","-8.51808048652572","http://www.igualdadebenestar.org","","","Administración Santiago de Compostela ","Xunta consellería de politica social Santiago de Compostela"
"Dirección Xeral de Maiores e Personas con Discapacidade","981541807","Edif. Admtvo. San Caetano, s/n - 15781","42.8891479314505","-8.53448867797852","http://www.xunta.es","dxmaioresediscapacidade.politicasocial@xunta.gal","","Administración Santiago de Compostela ","Xunta consellería de politica social Santiago de Compostela"
"Dirección Xeral de Xuventude e Voluntariado - Dirección General de Juventud y Voluntariado","981544864","Edif. Admtvo. San Lázaro, s/n - 15781","42.8888983532187","-8.51877361536026","http://www.xunta.es/politica-social","xuventude@xunta.gal","","Administración Santiago de Compostela ","Xunta consellería de politica social Santiago de Compostela"
"Secretaría Xeral Técnica (Secretaría General)","981544613","Edif. Admtvo. San Caetano, s/n - 15781","42.8891479314505","-8.53448867797852","http://www.xunta.gal","sxt.politicasocial@xunta.gal","","Administración Santiago de Compostela ","Xunta consellería de politica social Santiago de Compostela"
"Teléfono do Voluntariado","900400800","Edif. Admtvo. San Lázaro, s/n 3º Andar - 15781","42.8888983532187","-8.51877361536026","http://www.xunta.es/politica-social","voluntariado@xunta.es","","Administración Santiago de Compostela ","Xunta consellería de politica social Santiago de Compostela"
"Axencia Galega para a Xestión do Coñecemento en Saúde","981555103","Avda. de Fernando de Casas Novoa, 37 A, 1ª Pl. - San Lazaro - 15707","42.8838440201534","-8.51414981349183","https://acis.sergas.es","fegas@sergas.es","","Administración Santiago de Compostela ","Xunta consellería de sanidade Santiago de Compostela"
"Centralita - Información Administrativa e Atención Cidadá (Atención Ciudadana)","881542737","Edif. Admtvo. San Lázaro, s/n - 15781","42.888112273448","-8.51790994405746","https://www.sergas.es","","","Administración Santiago de Compostela ","Xunta consellería de sanidade Santiago de Compostela"
"Dirección Xeral da Saúde Pública (Dirección General)","881542930","Edif. Admtvo. San Lázaro, s/n,  3º - 15781","42.8880965517504","-8.5179528594017","http://www.xunta.es/sanidade","saude.publica@sergas.es","","Administración Santiago de Compostela ","Xunta consellería de sanidade Santiago de Compostela"
"Secretaría Xeral Técnica (Secretaría General)","881542726","Edif. Admtvo. San Lázaro, s/n,  3ª Pl. - 15781","42.8881515776744","-8.5180601477623","http://www.xunta.es/sanidade","secretaria.xeral@sergas.es","","Administración Santiago de Compostela ","Xunta consellería de sanidade Santiago de Compostela"
"Servizo de Epidemioloxía - Servicio de Epidemiología","881542923","Edif. Admtvo. San Lázaro, s/n - 15703","42.8881594385167","-8.518006503582","http://www.xunta.es/sanidade","","","Administración Santiago de Compostela ","Xunta consellería de sanidade Santiago de Compostela"
"Servizo de Inspección de Servizos Sanitarios (Servicio)","981569210","Manuel Murguía, 10 - 15701","42.8717650078736","-8.5457171112179","http://www.xunta.es/sanidade","","","Administración Santiago de Compostela ","Xunta consellería de sanidade Santiago de Compostela"
"Servizo de Sanidade Ambiental - Servicio de Sanidad Ambiental","881542955","Edif. Admtvo. San Lázaro, s/n - 15781","42.8880258040616","-8.51823180913925","http://www.xunta.es/sanidade","","","Administración Santiago de Compostela ","Xunta consellería de sanidade Santiago de Compostela"
"Subdireccion Xeral de Programas de Control de Riscos Ambientais para a Saúde (Subdirección General)","881542950","Edif. Admtvo. San Lázaro, s/n - 15781","42.8880572474889","-8.51803869009018","http://www.xunta.es/sanidade","subdireccdion.xeral.de.programas.de.control@sergas.es","","Administración Santiago de Compostela ","Xunta consellería de sanidade Santiago de Compostela"
"Tarxeta Sanitaria - Atención ó Público (Tarjeta Sanitaria)","981569540","Edif. Admtvo. San Lázaro, s/n - 15781","42.8882223252189","-8.51803869009018","http://www.xunta.es/sanidade","tarxetasanitaria@sergas.es","","Administración Santiago de Compostela ","Xunta consellería de sanidade Santiago de Compostela"
"Xerencia de Xestión Integrada de Santiago (Gerencia de Gestión Integrada)","981950000","Choupana, s/n (Hospital Clínc. Univers.) - 15702","42.8693711313773","-8.56493711471558","https://xxisantiago.sergas.es","","","Administración Santiago de Compostela ","Xunta consellería de sanidade Santiago de Compostela"
"Dirección Xeral de Desenvolvemento Pesqueiro - Dirección General de Desenvolvimiento Pesquero","981546177","Irmandiños, s/n - SALGUEIRIÑOS - 15701","42.892378601038","-8.53451550006866","http://www.xunta.gal","cma.dxdesenvolvemento@xunta.gal","","Administración Santiago de Compostela ","Xunta consellería do mar Santiago de Compostela"
"Dirección Xeral de Pesca, Acuicultura e Innovación Tecnolóxica","981546347","Edif. Admtvo. San Caetano, s/n - 15702","42.8891479314505","-8.53448867797852","http://www.xunta.gal","sxmar.cmrm@xunta.es","","Administración Santiago de Compostela ","Xunta consellería do mar Santiago de Compostela"
"Portos de Galicia - Servicios Centrais (Puertos)","902400870","Pza. de Europa, 5 A, 6º Pl. (C. Cial. Área Central) - FONTIÑAS - 15707","42.8821456014197","-8.52743446826935","http://www.portosdegalicia.es","","","Administración Santiago de Compostela ","Xunta consellería do mar Santiago de Compostela"
"Servizo de Gardacostas de Galicia (Servicio de Guardacostas)","981544070","Sar, 75 - 15703","42.8738186138419","-8.53829741477966","http://gardacostas.xunta.gal","","Organismo encargado de la vigilancia, busqueda, salvamento y protección del medio marino en las aguas gallegas. Servicio 24 horas del día, todo el año.","Administración Santiago de Compostela ","Xunta consellería do mar Santiago de Compostela"
"AGADER - Axencia Galega de Desenvolmento Rural","981547354","Ctra. Santiago-Noia, Km. 1 - 15896","42.8754058697581","-8.58899652957916","http://agader.xunta.gal/","infoagader@xunta.es","Ente público para la promoción y coordinación del desarrollo rural en Galicia.","Administración Santiago de Compostela ","Xunta consellería do medio rural Santiago de Compostela"
"Dirección Xeral de Desenvolvemento Rural - Dirección General de Desenvolvimiento Rural","981544763","Edif. Admtvo. San Caetano, s/n - 15781","42.8891479314505","-8.53448867797852","http://www.xunta.gal","mediorural.dxeraldesenvolvemento@xunta.gal","","Administración Santiago de Compostela ","Xunta consellería do medio rural Santiago de Compostela"
"Dirección Xeral de Gandaría, Agricultura e Industrias Agroalimentarias (Dirección General)","981544777","Edif. Admtvo. San Caetano, s/n - 15781","42.8891479314505","-8.53448867797852","http://www.xunta.es","mediorural.dxpa@xunta.es","","Administración Santiago de Compostela ","Xunta consellería do medio rural Santiago de Compostela"
"Dirección Xeral de Ordenación Forestal - Dirección General de Ordenación Forestal","981546109","Edif. Admtvo. San Lázaro, s/n - 15781","42.8869449265046","-8.51897209882736","http://www.xunta.gal","mediorural.montesgalicia@xunta.gal","","Administración Santiago de Compostela ","Xunta consellería do medio rural Santiago de Compostela"
"FOGGA - Fondo Galego de Garantía Agraria","981540094","Irmandiños, s/n - 15781","42.8924673973129","-8.5346672528955","http://fogga.xunta.gal","mediorural.fogga@xunta.org","","Administración Santiago de Compostela ","Xunta consellería do medio rural Santiago de Compostela"
"Secretaría Xeral Técnica (Secretaría General)","981544718","Edif. Admtvo. San Caetano, s/n - 15781","42.8891479314505","-8.53448867797852","http://www.xunta.gal","sxt.medio-rural@xunta.gal","","Administración Santiago de Compostela ","Xunta consellería do medio rural Santiago de Compostela"
"Subdirección Xeral de Formación e Innovación Agroforestal (Subdirección General)","981546665","Avda. Camiño Francés, 10 Stno. - 15781","42.8877205301857","-8.52573372883603","http://www.xunta.gal","mediorural.montesgalicia@xunta.gal","","Administración Santiago de Compostela ","Xunta consellería do medio rural Santiago de Compostela"
"Subdirección Xeral de Industrias e Calidade Agroalimentaria (Subdirección General)","981540055","Avda. Camiño Francés, 10 Bajo - 15703","42.8877205301857","-8.52573372883603","http://www.xunta.gal","mediorural.dxpa@xunta.gal","","Administración Santiago de Compostela ","Xunta consellería do medio rural Santiago de Compostela"
"Centraliña Xunta (Consellerías)","981545400","Edif. Admtvo. San Caetano, s/n - 15781","42.8891479314505","-8.53448867797852","http://www.xunta.gal","","","Administración Santiago de Compostela ","Xunta información Santiago de Compostela"
"Centro de Información da Xunta De Galicia","012","Edif. Admtvo. San Caetano, s/n - 15781","42.8892579813738","-8.53455305099487","http://www.xunta.gal","","Información sobre o agro, gandería e queimas, vivenda, dependencia, Servicio Público de Emprego, Xove, Quérote e atención ó cidadán.","Administración Santiago de Compostela ","Xunta información Santiago de Compostela"
"CDSG - Centro de Documentación Sociolingüística de Galicia","881995142","Monte Gaiás, s/n (Biblioteca de Galicia, 1º Andar) - CIDADE DA CULTURA DE GALICIA - 15702","42.869055148158","-8.52537305059207","http://www.consellodacultura.gal/cdsg","cdsg@consellodacultura.gal","","Administración Santiago de Compostela ","Xunta órganos consultivos Santiago de Compostela"
"CES - Consello Económico e Social de Galicia","981541650","Algalia de Abaixo, 24 1º - 15704","42.8823008679851","-8.54184329509735","http://www.ces-galicia.org","ces@ces-galicia.org","","Administración Santiago de Compostela ","Xunta órganos consultivos Santiago de Compostela"
"Consello Consultivo de Galicia","981552110","Algalia de Abaixo, 24 2º  Pazo de Amarante - 15700","42.8822910409989","-8.54185670614243","http://www.ccgalicia.es","ccgalicia@ccgalicia.es","","Administración Santiago de Compostela ","Xunta órganos consultivos Santiago de Compostela"
"Consello da Cultura Galega","981957202","Pza. do Obradoiro, s/n (Pazo de Raxoi, 2ª Pl.) - 15705","42.8802332356025","-8.54607313871384","http://www.consellodacultura.gal","correo@consellodacultura.gal","O Consello da Cultura Galega é un organismo autónomo de carácter estatutario que ten como obxecto a defensa e promoción da lingua e cultura galegas.","Administración Santiago de Compostela ","Xunta órganos consultivos Santiago de Compostela"
"Consello de Contas","981542200","Domingo Fontán, 7 - 15771","42.8733399656826","-8.54099621593855","http://www.ccontasgalicia.es","","","Administración Santiago de Compostela ","Xunta órganos consultivos Santiago de Compostela"
"AMTEGA - Axencia para a Modernización Tecnolóxica de Galicia","981545271","Monte Gaiás, s/n (Edif. CINC 2ª Plta.) - CIDADE DA CULTURA DE GALICIA - 15781","42.869055148158","-8.52537305059207","https://amtega.xunta.gal","amtega@xunta.gal","","Administración Santiago de Compostela ","Xunta presidencia Santiago de Compostela"
"CDTIC - Centro Demostrador Tic de Galicia","881995200","Airas Nunes, s/n (Centro Novas Tecnoloxías ) - CONXO - 15702","42.8629032","-8.5544925","https://cdtic.xunta.gal","cdtic@xunta.gal","O Centro Demostrador constitúe o escaparate tecnolóxico de Galicia e polo tanto unha referencia no impulso e a difusión do uso das TICs en distintos sectores.","Administración Santiago de Compostela ","Xunta presidencia Santiago de Compostela"
"Departamento de Protocolo","981541223","Edif. Admtvo. San Caetano, s/n - 15781","42.8891479314505","-8.53448867797852","http://www.xunta.gal/presidencia","protocolo@xunta.es","","Administración Santiago de Compostela ","Xunta presidencia Santiago de Compostela"
"Fundación Deporte Galego","881996373","Madrid, 2-4 - FONTIÑAS - 15781","42.8811597466062","-8.52828893981177","http://deporte.xunta.es","info@fundaciondeportegalego.com","Organización de naturaleza fundacional para la promoción y fomento del deporte y la práctica deportiva en la Comunidad Autónoma de Galicia.","Administración Santiago de Compostela ","Xunta presidencia Santiago de Compostela"
"Oficina Técnica da Banda Larga de Galicia","981957868","","42.8782913276455","-8.54487419128418","https://amtega.xunta.gal","oficina.bandalarga@xunta.es","Plan de cobertura de la Xunta de Galicia, para servicios de internet en la Comunidad Autónoma. Información al ciudadano.","Administración Santiago de Compostela ","Xunta presidencia Santiago de Compostela"
"Retegal - Redes de Telecomunicacións Galegas","981546723","Avda. de Fernando de Casas Novoa, 35 B, 3º C y D - San Lazaro - 15707","42.8839596408282","-8.51449012756348","http://www.retegal.es","retegal@retegal.es","Rede de infraestructuras total, segura e eficiente, que se traduza de inmediato en beneficios reais para todos os cidadáns e cidadás de Galicia.","Administración Santiago de Compostela ","Xunta presidencia Santiago de Compostela"
"Secretaría Xeral da Emigración (Secretaría General)","981545878","Pza. de Mazarelos, 15 - 15703","42.878239241216","-8.54249238967896","http://emigracion.xunta.gal","galiciaaberta@xunta.es","","Administración Santiago de Compostela ","Xunta presidencia Santiago de Compostela"
"Secretaría Xeral da Presidencia (Secretaría General)","981541283","Edif. Admtvo. San Caetano, s/n - 15781","42.8891479314505","-8.53448867797852","http://www.xunta.gal/presidencia","secretariaxeral.presidencia@xunta.gal","","Administración Santiago de Compostela ","Xunta presidencia Santiago de Compostela"
"Secretaría Xeral de Medios - Gabinete de Prensa (Secretaría General)","981541238","Edif. Admtvo. San Caetano, s/n - 15781","42.8891479314505","-8.53448867797852","http://www.xunta.gal","comunicacion@xunta.gal","","Administración Santiago de Compostela ","Xunta presidencia Santiago de Compostela"
"Secretaría Xeral de Medios (Secretaría General)","981545922","Edif. Admtvo. San Caetano, s/n - 15781","42.8891479314505","-8.53448867797852","http://www.xunta.es/presidencia","secretaria.medios@xunta.es","","Administración Santiago de Compostela ","Xunta presidencia Santiago de Compostela"
"Secretaría Xeral para O Deporte (Secretaría General)","881996342","Madrid, 2-4 2º - FONTIÑAS - 15707","42.8811597466062","-8.52828893981177","http://deporte.xunta.es","secretaria.deporte@xunta.es","","Administración Santiago de Compostela ","Xunta presidencia Santiago de Compostela"
"Secretaría Xeral para O Turismo (Secretaría General)","981546351","Ctra. Santiago-Noia, 15 Km. 3 - A BARCIA - 15896","42.8735738877802","-8.58895897865295","http://www.turismo.gal/portada","","","Administración Santiago de Compostela ","Xunta presidencia Santiago de Compostela"
"Sociedade de Xestión do Plan Xacobeo (Sociedad de Gestión)","881996251","Ctra. Santiago-Noia, Km.3 - A BARCIA - 15896","42.8734480844472","-8.58888924121857","http://www.xacobeo.es","xerencia.xacobeo@xunta.gal","","Administración Santiago de Compostela ","Xunta presidencia Santiago de Compostela"
"Turismo de Galicia","981542500","Ctra. Santiago-Noia, Km. 3 - A BARCIA - 15896","42.8735738877802","-8.58895897865295","http://www.turismo.gal","turismodegalicia@turismo.gal","","Administración Santiago de Compostela ","Xunta presidencia Santiago de Compostela"
"Xacobeo - Información do Camiño de Santiago (Información Camino de Santiago)","902332010","Rúa do Vilar, 30-32  Baixo - 15705","42.8788593617019","-8.5445174574852","http://www.xacobeo.es","xacobeoweb@xacobeo.org","Compartir experiencias e información con otras personas interesadasen los diferentes aspectos del Camino de Santiago.","Administración Santiago de Compostela ","Xunta presidencia Santiago de Compostela"
"Dirección de Asistencia Sanitaria","881542815","Edif. Admtvo. San Lázaro, s/n - 15781","42.8881437168311","-8.51797431707382","https://www.sergas.es","asistencia.sanitaria@sergas.es","","Administración Santiago de Compostela ","Xunta SERGAS Santiago de Compostela"
"Dirección de Recursos Económicos","881542761","Edif. Admtvo. San Lázaro, s/n - 15703","42.8881044125997","-8.51785629987717","https://www.sergas.es","recursos.economicos@sergas.es","","Administración Santiago de Compostela ","Xunta SERGAS Santiago de Compostela"
"Dirección de Recursos Humanos","881542800","Edif. Admtvo. San Lázaro, s/n - 15703","42.888112273448","-8.51799577474594","https://www.sergas.es","recursos.humanos@sergas.es","","Administración Santiago de Compostela ","Xunta SERGAS Santiago de Compostela"
"Xerencia do Servizo Galego de Saúde (Gerencia)","881542813","Edif. Admtvo. do Sergas - San Lazaro - 15781","42.8882000634494","-8.51789575197608","https://www.sergas.es","","","Administración Santiago de Compostela ","Xunta SERGAS Santiago de Compostela"
"Asesoría Xurídica Xeral da Xunta de Galicia (Asesoría Jurídica General)","981545898","Edif. Admtvo. San Caetano, s/n 1º Pl. - 15781","42.8891479314505","-8.53448867797852","http://www.xunta.gal","asesoria.xuridica.xeral@xunta.gal","","Administración Santiago de Compostela ","Xunta vicepresidencia e consellería da presidencia, administracións públicas e xustiza Santiago de Compostela"
"Asistencia Xurídica Gratuíta (Asistencia Jurídica)","981546203","Madrid, 2-4 - FONTIÑAS - 15781","42.8813024381854","-8.52813720703125","http://www.xunta.gal","comisionaxg.santiago@xunta.gal","","Administración Santiago de Compostela ","Xunta vicepresidencia e consellería da presidencia, administracións públicas e xustiza Santiago de Compostela"
"Dirección Xeral de Administración Local (Dirección General)","981546579","Madrid, 2-4, 2ª Pl. - FONTIÑAS - 15781","42.8812316827046","-8.52818548679352","http://cpapx.xunta.gal","administracionlocal@xunta.es","","Administración Santiago de Compostela ","Xunta vicepresidencia e consellería da presidencia, administracións públicas e xustiza Santiago de Compostela"
"Dirección Xeral de Avaliación e Reforma Administrativa (Dirección General)","881999704","Edif. Admtvo. San Caetano, s/n - 15781","42.8891479314505","-8.53448867797852","http://cpapx.xunta.es","dxara@xunta.gal","","Administración Santiago de Compostela ","Xunta vicepresidencia e consellería da presidencia, administracións públicas e xustiza Santiago de Compostela"
"Dirección Xeral de Emerxencias e Interior (Dirección General de Emergencias)","981546497","Roma, 25-27 - FONTIÑAS - 15781","42.885516173834","-8.52260112762451","http://www.xunta.gal","emerxencias.interior@xunta.gal","","Administración Santiago de Compostela ","Xunta vicepresidencia e consellería da presidencia, administracións públicas e xustiza Santiago de Compostela"
"Dirección Xeral de Relacións Exteriores e Coa Unión Europea (Dirección General)","981541001","Hórreo, 61 1º, 2º y 3º - 15701","42.8736525147331","-8.5446435213089","http://cpapx.xunta.es","sunioneu@xunta.es","","Administración Santiago de Compostela ","Xunta vicepresidencia e consellería da presidencia, administracións públicas e xustiza Santiago de Compostela"
"Dirección Xeral de Relacións Institucionais e Parlamentarias (Dirección General)","981544919","Pza. do Obradoiro, s/n (Pazo de Raxoi) - 15705","42.8803098886101","-8.54609191417694","http://cpapx.xunta.gal","","","Administración Santiago de Compostela ","Xunta vicepresidencia e consellería da presidencia, administracións públicas e xustiza Santiago de Compostela"
"Dirección Xeral de Xustiza - Dirección General de Justicia","981546217","Madrid, 2-4 2ª Pl. - FONTIÑAS - 15781","42.8813181616145","-8.52807283401489","http://cpapx.xunta.gal","xustiza@xunta.gal","","Administración Santiago de Compostela ","Xunta vicepresidencia e consellería da presidencia, administracións públicas e xustiza Santiago de Compostela"
"DOG - Diario Oficial De Galicia","981544268","Edif. Admtvo. San Caetano, s/n - 15781","42.8891479314505","-8.53448867797852","http://www.xunta.es/diario-oficial","diario.oficial.galicia@xunta.es","","Administración Santiago de Compostela ","Xunta vicepresidencia e consellería da presidencia, administracións públicas e xustiza Santiago de Compostela"
"EGAP - Escola Galega de Administración Pública","981546040","Madrid, 2-4 - FONTIÑAS - 15707","42.8811597466062","-8.52828893981177","http://www.egap.xunta.es","egap@xunta.es","Centro de formación y especialización de personal al servicio de la Administración Pública de la Comunidad Autónoma de Galicia.","Administración Santiago de Compostela ","Xunta vicepresidencia e consellería da presidencia, administracións públicas e xustiza Santiago de Compostela"
"Fundación Galicia Europa","981541012","Hórreo, 61 Bajo - 15701","42.8736525147331","-8.5446435213089","http://www.fundaciongaliciaeuropa.eu","santiago@fundaciongaliciaeuropa.eu","É unha entidade instrumental do sector público autonómico, creada para promover as accións que propicien o achegamento entre Galicia e Europa. ","Administración Santiago de Compostela ","Xunta vicepresidencia e consellería da presidencia, administracións públicas e xustiza Santiago de Compostela"
"Gabinete de Comunicación","981545689","Edif. Admtvo. San Caetano, s/n - 15781","42.8891479314505","-8.53448867797852","http://www.xunta.es","prensa.cpr@xunta.es","","Administración Santiago de Compostela ","Xunta vicepresidencia e consellería da presidencia, administracións públicas e xustiza Santiago de Compostela"
"Imelga - Subdirección Territorial","981540481","Viena, s/n (Edif. Xulgados) - FONTIÑAS - 15707","42.8831774288596","-8.53263258934021","http://cpapx.xunta.es","","","Administración Santiago de Compostela ","Xunta vicepresidencia e consellería da presidencia, administracións públicas e xustiza Santiago de Compostela"
"Rexistro da Secretaría Xeral de Igualdade - Registro de La Secretaría General de Igualdad","981545366","Edif. Admtvo. San Lázaro, s/n - 15781","42.8888826317214","-8.51868242025375","http://igualdade.xunta.gal","igualdade@xunta.gal","","Administración Santiago de Compostela ","Xunta vicepresidencia e consellería da presidencia, administracións públicas e xustiza Santiago de Compostela"
"Rexistro do Centro e Atención o Cidadán (Registro)","981900643","Dr. Teixeiro, 26 Entpl. - 15701","42.8742005818714","-8.5456505501038","http://www.xunta.es/vicepresidencia-cpapx","","
","Administración Santiago de Compostela ","Xunta vicepresidencia e consellería da presidencia, administracións públicas e xustiza Santiago de Compostela"
"Secretaría Xeral de Igualdade - Secretaría General de Igualdad","981545660","Edif. Admtvo. San Lázaro, s/n - 15781","42.8889533784274","-8.51819694042206","http://igualdade.xunta.es","igualdade@xunta.es","","Administración Santiago de Compostela ","Xunta vicepresidencia e consellería da presidencia, administracións públicas e xustiza Santiago de Compostela"
"Secretaría Xeral Técnica (Secretaría General)","981545201","Edif. Admtvo. San Caetano, s/n - 15781","42.8891479314505","-8.53448867797852","http://cpapx.xunta.es","secretaria.cpapx@xunta.es","","Administración Santiago de Compostela ","Xunta vicepresidencia e consellería da presidencia, administracións públicas e xustiza Santiago de Compostela"
"Subdirección Xeral de Programas Sociais - Subdirección General de Programas Sociales","981547265","Pza. de Mazarelos, 15 - 15703","42.878239241216","-8.54249238967896","http://www.xunta.es","","","Administración Santiago de Compostela ","Xunta vicepresidencia e consellería da presidencia, administracións públicas e xustiza Santiago de Compostela"
"Subdirección Xeral para o Tratamento da Violencia de Xénero (Subdirección General)","981957699","Edif. Admtvo. San Lázaro, s/n - 15781","42.8887489988331","-8.51887822151184","http://www.xunta.gal","vx.igualdade@xunta.gal","","Administración Santiago de Compostela ","Xunta vicepresidencia e consellería da presidencia, administracións públicas e xustiza Santiago de Compostela"
